0, 301376.170000
1, 301463.270000
2, 301055.970000
3, 300804.770000
4, 301212.170000
5, 301503.070000
6, 301599.570000
7, 301126.270000
8, 300734.570000
9, 300944.370000
10, 300510.870000
11, 301311.770000
12, 301172.170000
13, 301112.470000
14, 301025.270000
15, 301261.870000
16, 300854.470000
17, 300963.770000
18, 300978.270000
19, 301413.170000
20, 300941.470000
21, 301831.470000
22, 301219.870000
23, 302336.870000
24, 301411.170000
25, 300952.970000
26, 300540.970000
27, 301636.570000
28, 300614.570000
29, 300969.270000
30, 300945.570000
31, 300544.670000
32, 301323.570000
33, 301142.770000
34, 300540.170000
35, 301180.270000
36, 300286.070000
37, 299643.970000
38, 299895.670000
39, 298800.370000
40, 299156.070000
41, 296800.570000
42, 293911.270000
43, 290226.070000
44, 283975.070000
45, 274292.670000
46, 257447.870000
47, 232755.970000
48, 201281.770000
49, 164841.070000
50, 127098.070000
51, 91296.270000
52, 60514.070000
53, 36352.170000
54, 20685.870000
55, 13912.170000
56, 15770.670000
57, 25390.370000
58, 41467.370000
59, 63117.470000
60, 87925.670000
61, 114577.670000
62, 142114.870000
63, 168823.970000
64, 193296.170000
65, 215361.070000
66, 234783.270000
67, 250475.270000
68, 263061.070000
69, 272049.970000
70, 277378.770000
71, 279683.770000
72, 281014.970000
73, 278222.370000
74, 271976.670000
75, 265743.970000
76, 256853.370000
77, 247495.970000
78, 235299.470000
79, 223569.270000
80, 209949.670000
81, 196568.870000
82, 183770.070000
83, 170164.470000
84, 156566.270000
85, 143393.670000
86, 130567.270000
87, 118372.470000
88, 106440.770000
89, 95405.670000
90, 85044.170000
91, 75342.470000
92, 66497.870000
93, 58196.770000
94, 50913.770000
95, 44029.170000
96, 38164.970000
97, 32705.970000
98, 28113.570000
99, 23908.770000
100, 20519.170000
101, 17716.870000
102, 15361.270000
103, 13430.870000
104, 12054.270000
105, 11140.970000
106, 10636.170000
107, 10284.270000
108, 10586.970000
109, 10966.070000
110, 11774.470000
111, 12639.370000
112, 13933.870000
113, 15466.970000
114, 17008.170000
115, 18819.470000
116, 20660.870000
117, 22772.870000
118, 25068.070000
119, 27421.070000
120, 29835.870000
121, 32329.970000
122, 35071.970000
123, 37669.270000
124, 40472.870000
125, 43323.270000
126, 45952.070000
127, 48861.570000
128, 51738.370000
129, 54740.470000
130, 57563.070000
131, 60512.970000
132, 63493.170000
133, 66373.470000
134, 69103.770000
135, 72418.570000
136, 74963.670000
137, 77998.570000
138, 80734.670000
139, 83636.070000
140, 86348.870000
141, 89277.270000
142, 92397.670000
143, 94823.670000
144, 97553.270000
145, 100410.770000
146, 102940.870000
147, 105620.570000
148, 108115.870000
149, 110956.870000
150, 113693.270000
151, 116180.770000
152, 118563.870000
153, 120846.870000
154, 123336.270000
155, 125760.670000
156, 128060.670000
157, 130671.870000
158, 133050.070000
159, 135361.970000
160, 137239.770000
161, 139968.770000
162, 142045.070000
163, 144343.170000
164, 146288.770000
165, 148211.570000
166, 150189.070000
167, 151859.070000
168, 154225.470000
169, 156181.570000
170, 158618.770000
171, 159911.470000
172, 161960.470000
173, 164322.770000
174, 165257.170000
175, 167359.270000
176, 169153.370000
177, 170696.070000
178, 172283.370000
179, 174438.670000
180, 176013.670000
181, 177560.970000
182, 179304.370000
183, 180741.970000
184, 182574.070000
185, 183868.470000
186, 185397.870000
187, 186905.370000
188, 188208.470000
189, 189717.270000
190, 190913.470000
191, 192138.470000
192, 194040.670000
193, 195329.670000
194, 196890.870000
195, 197904.470000
196, 198987.370000
197, 200236.370000
198, 202026.370000
199, 202667.870000
200, 204182.770000
201, 204967.770000
202, 206193.470000
203, 207402.170000
204, 208331.770000
205, 209925.970000
206, 210539.270000
207, 211849.170000
208, 213050.870000
209, 214225.370000
210, 214142.270000
211, 215563.770000
212, 216107.870000
213, 217202.170000
214, 218408.870000
215, 219331.670000
216, 220745.070000
217, 221146.970000
218, 222230.670000
219, 223030.570000
220, 223088.270000
221, 223819.470000
222, 224971.470000
223, 225898.870000
224, 226410.570000
225, 227693.470000
226, 228725.270000
227, 228978.270000
228, 229629.470000
229, 230654.770000
230, 231778.270000
231, 232345.470000
232, 232873.470000
233, 232896.670000
234, 234088.270000
235, 234471.070000
236, 234836.270000
237, 235583.770000
238, 236128.370000
239, 236946.070000
240, 237433.470000
241, 238267.170000
242, 238176.170000
243, 238944.070000
244, 239864.570000
245, 240340.370000
246, 240584.570000
247, 241272.570000
248, 241943.770000
249, 241901.370000
250, 242781.470000
251, 243933.170000
252, 244558.270000
253, 245778.670000
254, 245097.070000
255, 244799.470000
