0,nan
1,0.500000
2,0.500000
3,0.500000
4,0.510535
5,0.507348
6,0.510169
7,0.506616
8,0.510846
9,0.513810
10,0.511786
11,0.508364
12,0.515351
13,0.517290
14,0.513865
15,0.518488
16,0.519338
17,0.516743
18,0.521243
19,0.520313
20,0.523658
21,0.523216
22,0.525039
23,0.526211
24,0.525739
25,0.525452
26,0.528673
27,0.529866
28,0.531530
29,0.531877
30,0.534097
31,0.534227
32,0.537613
33,0.537804
34,0.539974
35,0.540721
36,0.540952
37,0.543024
38,0.544008
39,0.545672
40,0.547405
41,0.548066
42,0.548966
43,0.551304
44,0.553531
45,0.554165
46,0.556757
47,0.556993
48,0.558911
49,0.561081
50,0.563622
51,0.563990
52,0.564829
53,0.566448
54,0.567620
55,0.570330
56,0.572874
57,0.573427
58,0.574225
59,0.576778
60,0.577622
61,0.580065
62,0.581963
63,0.584522
64,0.586303
65,0.587703
66,0.588965
67,0.591670
68,0.593864
69,0.595849
70,0.598735
71,0.599715
72,0.601829
73,0.603744
74,0.606242
75,0.608088
76,0.610160
77,0.613122
78,0.614793
79,0.617377
80,0.619305
81,0.621750
82,0.623965
83,0.626563
84,0.629319
85,0.631157
86,0.633357
87,0.636067
88,0.638578
89,0.641497
90,0.644103
91,0.646859
92,0.649078
93,0.651851
94,0.654518
95,0.658069
96,0.661099
97,0.663691
98,0.666342
99,0.669110
100,0.672238
101,0.675654
102,0.679665
103,0.682270
104,0.686258
105,0.688309
106,0.691665
107,0.694849
108,0.699977
109,0.703071
110,0.707279
111,0.709418
112,0.713163
113,0.716456
114,0.721571
115,0.726432
116,0.730841
117,0.734603
118,0.737752
119,0.742386
120,0.746150
121,0.752079
122,0.756882
123,0.762573
124,0.766805
125,0.770771
126,0.775323
127,0.780854
128,0.787103
129,0.792987
130,0.798741
131,0.803298
132,0.808531
133,0.815012
134,0.822672
135,0.829182
136,0.835298
137,0.841473
138,0.847316
139,0.855342
140,0.863080
141,0.871458
142,0.878424
143,0.887106
144,0.894392
145,0.902654
146,0.911184
147,0.920941
148,0.930067
149,0.938670
150,0.947259
151,0.960307
152,0.974325
153,0.976229
154,0.985999
155,1.000000
156,1.014155
157,1.018026
158,1.037488
159,1.049229
160,1.064811
161,1.077849
162,1.093650
163,1.105598
164,1.120602
165,1.137308
166,1.153481
167,1.171191
168,1.189364
169,1.206991
170,1.224519
171,1.243780
172,1.264925
173,1.285614
174,1.307314
175,1.328330
176,1.350616
177,1.373206
178,1.397562
179,1.422800
180,1.448419
181,1.475674
182,1.500000
183,1.525478
184,1.555216
185,1.583111
186,1.612582
187,1.643331
188,1.675072
189,1.707283
190,1.740268
191,1.774036
192,1.809437
193,1.845988
194,1.882838
195,1.919839
196,1.957149
197,2.000000
198,0.000000
199,0.000000
200,0.000000
201,0.000000
202,0.000000
203,0.000000
204,0.000000
205,0.000000
206,0.000000
207,0.000000
208,0.000000
209,0.000000
210,0.000000
211,0.000000
212,0.000000
213,0.000000
214,0.000000
215,0.000000
216,0.000000
217,0.000000
218,0.000000
219,0.000000
220,0.000000
221,0.000000
222,0.000000
223,0.000000
224,0.000000
225,0.000000
226,0.000000
227,0.000000
228,0.000000
229,0.000000
230,0.000000
231,0.000000
232,0.000000
233,0.000000
234,0.000000
235,0.000000
236,0.000000
237,0.000000
238,0.000000
239,0.000000
240,0.000000
241,0.000000
242,0.000000
243,0.000000
244,0.000000
245,0.000000
246,0.000000
247,0.000000
248,0.000000
249,0.000000
250,0.000000
251,0.000000
252,0.000000
253,0.000000
254,0.000000
255,0.000000
